NAME,ID,AGE,POS,PPG,APG,RPG,STL,BLK,LINK
Trae Young,youngtr01,26,PG,24.2,11.6,3.1,1.2,0.2,https://www.basketball-reference.com/players/y/youngtr01.html
Jalen Johnson,johnsja05,23,SF,18.9,5.0,10.0,1.6,1.0,https://www.basketball-reference.com/players/j/johnsja05.html
Dyson Daniels,daniedy01,21,SG,14.1,4.4,5.9,3.0,0.7,https://www.basketball-reference.com/players/d/daniedy01.html
De'Andre Hunter,huntede01,27,SF,19.0,1.5,3.9,0.8,0.1,https://www.basketball-reference.com/players/h/huntede01.html
Onyeka Okongwu,okongon01,24,C,13.4,2.3,8.9,0.9,0.9,https://www.basketball-reference.com/players/o/okongon01.html
Jacob Toppin,toppija01,24,SF,17.0,2.0,4.0,0.0,0.0,https://www.basketball-reference.com/players/t/toppija01.html
Caris LeVert,leverca01,30,SG,14.9,2.9,3.7,0.9,0.5,https://www.basketball-reference.com/players/l/leverca01.html
Bogdan Bogdanović,bogdabo01,32,SG,10.0,2.0,2.8,0.8,0.3,https://www.basketball-reference.com/players/b/bogdabo01.html
Zaccharie Risacher,risacza01,19,SF,12.6,1.2,3.6,0.7,0.5,https://www.basketball-reference.com/players/r/risacza01.html
Georges Niang,niangge01,31,PF,12.1,1.6,3.0,0.4,0.3,https://www.basketball-reference.com/players/n/niangge01.html
Terance Mann,mannte01,28,SG,9.8,2.1,3.1,0.6,0.1,https://www.basketball-reference.com/players/m/mannte01.html
Clint Capela,capelca01,30,C,8.9,1.1,8.5,0.6,1.0,https://www.basketball-reference.com/players/c/capelca01.html
Vit Krejci,krejcvi01,24,PG,7.2,2.6,2.7,0.6,0.5,https://www.basketball-reference.com/players/k/krejcvi01.html
Larry Nance Jr.,nancela02,32,PF,8.5,1.6,4.3,0.8,0.5,https://www.basketball-reference.com/players/n/nancela02.html
Garrison Mathews,mathega01,28,SG,7.5,1.3,1.9,0.6,0.3,https://www.basketball-reference.com/players/m/mathega01.html
Mouhamed Gueye,gueyemo02,22,PF,6.0,0.8,4.2,0.8,1.0,https://www.basketball-reference.com/players/g/gueyemo02.html
Keaton Wallace,wallake01,25,PG,5.4,2.6,1.6,0.9,0.3,https://www.basketball-reference.com/players/w/wallake01.html
David Roddy,roddyda01,23,PF,4.5,1.1,2.6,0.4,0.3,https://www.basketball-reference.com/players/r/roddyda01.html
Kobe Bufkin,bufkiko01,21,SG,5.3,1.7,2.1,0.3,0.2,https://www.basketball-reference.com/players/b/bufkiko01.html
Daeqwon Plowden,plowdda01,26,SG,7.2,0.3,1.8,0.0,0.0,https://www.basketball-reference.com/players/p/plowdda01.html
Dominick Barlow,barlodo01,21,SF,4.2,0.5,2.4,0.3,0.5,https://www.basketball-reference.com/players/b/barlodo01.html
Jayson Tatum,tatumja01,26,PF,26.8,6.0,8.7,1.1,0.5,https://www.basketball-reference.com/players/t/tatumja01.html
Jaylen Brown,brownja02,28,SF,22.2,4.5,5.8,1.2,0.3,https://www.basketball-reference.com/players/b/brownja02.html
Derrick White,whitede01,30,SG,16.4,4.8,4.5,0.9,1.1,https://www.basketball-reference.com/players/w/whitede01.html
Jrue Holiday,holidjr01,34,PG,11.1,3.9,4.3,1.1,0.4,https://www.basketball-reference.com/players/h/holidjr01.html
Kristaps Porziņģis,porzikr01,29,C,19.5,2.1,6.8,0.7,1.5,https://www.basketball-reference.com/players/p/porzikr01.html
Payton Pritchard,pritcpa01,27,PG,14.3,3.5,3.8,0.9,0.2,https://www.basketball-reference.com/players/p/pritcpa01.html
Al Horford,horfoal01,38,C,9.0,2.1,6.2,0.6,0.9,https://www.basketball-reference.com/players/h/horfoal01.html
Sam Hauser,hausesa01,27,PF,8.5,0.9,3.2,0.6,0.2,https://www.basketball-reference.com/players/h/hausesa01.html
Luke Kornet,kornelu01,29,C,6.0,1.6,5.3,0.5,1.0,https://www.basketball-reference.com/players/k/kornelu01.html
Neemias Queta,quetane01,25,C,5.0,0.7,3.8,0.3,0.7,https://www.basketball-reference.com/players/q/quetane01.html
Baylor Scheierman,scheiba01,24,SG,3.6,1.1,2.1,0.5,0.1,https://www.basketball-reference.com/players/s/scheiba01.html
Torrey Craig,craigto01,34,SF,2.7,0.7,2.8,0.4,0.6,https://www.basketball-reference.com/players/c/craigto01.html
Miles Norris,norrimi01,24,PF,2.3,0.0,3.0,0.7,0.3,https://www.basketball-reference.com/players/n/norrimi01.html
Jordan Walsh,walshjo01,20,PF,1.6,0.4,1.3,0.2,0.2,https://www.basketball-reference.com/players/w/walshjo01.html
Drew Peterson,peterdr01,25,PF,2.2,0.5,1.6,0.2,0.1,https://www.basketball-reference.com/players/p/peterdr01.html
Xavier Tillman Sr.,tillmxa01,26,C,1.0,0.2,1.3,0.3,0.2,https://www.basketball-reference.com/players/t/tillmxa01.html
JD Davison,davisjd01,22,PG,2.1,0.8,0.8,0.3,0.1,https://www.basketball-reference.com/players/d/davisjd01.html
Jaden Springer,sprinja01,22,SG,1.7,0.4,0.9,0.5,0.0,https://www.basketball-reference.com/players/s/sprinja01.html
Dennis Schröder,schrode01,31,PG,18.4,6.6,3.0,1.1,0.2,https://www.basketball-reference.com/players/s/schrode01.html
Cameron Johnson,johnsca02,28,PF,18.8,3.4,4.3,0.9,0.4,https://www.basketball-reference.com/players/j/johnsca02.html
Cam Thomas,thomaca02,23,SG,24.0,3.8,3.3,0.6,0.1,https://www.basketball-reference.com/players/t/thomaca02.html
Dorian Finney-Smith,finnedo01,31,PF,10.4,1.6,4.6,0.9,0.6,https://www.basketball-reference.com/players/f/finnedo01.html
Drew Timme,timmedr01,24,PF,12.1,2.2,7.2,0.4,0.1,https://www.basketball-reference.com/players/t/timmedr01.html
Killian Hayes,hayeski01,23,PG,9.0,5.2,3.0,0.7,0.7,https://www.basketball-reference.com/players/h/hayeski01.html
Nic Claxton,claxtni01,25,C,10.3,2.2,7.4,0.9,1.4,https://www.basketball-reference.com/players/c/claxtni01.html
Jalen Wilson,wilsoja03,24,PF,9.5,1.8,3.4,0.5,0.1,https://www.basketball-reference.com/players/w/wilsoja03.html
Ben Simmons,simmobe01,28,PG,6.2,6.9,5.2,0.8,0.5,https://www.basketball-reference.com/players/s/simmobe01.html
D'Angelo Russell,russeda01,28,PG,12.9,5.6,2.8,1.1,0.7,https://www.basketball-reference.com/players/r/russeda01.html
Ziaire Williams,willizi02,23,SF,10.0,1.3,4.6,1.0,0.4,https://www.basketball-reference.com/players/w/willizi02.html
Keon Johnson,johnske07,22,SG,10.6,2.2,3.8,1.0,0.4,https://www.basketball-reference.com/players/j/johnske07.html
Tosan Evbuomwan,evbuoto01,23,SF,9.5,2.0,4.3,0.9,0.4,https://www.basketball-reference.com/players/e/evbuoto01.html
Noah Clowney,clownno01,20,PF,9.1,0.9,3.9,0.5,0.5,https://www.basketball-reference.com/players/c/clownno01.html
Tyrese Martin,martity01,25,SG,8.7,2.0,3.7,0.6,0.2,https://www.basketball-reference.com/players/m/martity01.html
Tyson Etienne,etienty01,25,PG,7.9,1.7,1.3,0.4,0.1,https://www.basketball-reference.com/players/e/etienty01.html
Trendon Watford,watfotr01,24,PF,10.2,2.6,3.6,0.6,0.3,https://www.basketball-reference.com/players/w/watfotr01.html
Shake Milton,miltosh01,28,SG,7.4,2.4,1.9,0.6,0.0,https://www.basketball-reference.com/players/m/miltosh01.html
Day'Ron Sharpe,sharpda01,23,C,7.9,1.8,6.6,0.8,0.8,https://www.basketball-reference.com/players/s/sharpda01.html
Maxwell Lewis,lewisma05,22,SF,5.3,0.8,2.5,0.4,0.3,https://www.basketball-reference.com/players/l/lewisma05.html
Reece Beekman,beekmre01,23,PG,2.7,1.8,1.1,0.9,0.1,https://www.basketball-reference.com/players/b/beekmre01.html
Dariq Whitehead,whiteda01,20,SF,5.7,0.6,1.5,0.3,0.1,https://www.basketball-reference.com/players/w/whiteda01.html
Cui Yongxi,cuiyo01,21,SG,0.6,0.0,0.4,0.0,0.0,https://www.basketball-reference.com/players/c/cuiyo01.html
Jaylen Martin,martija02,21,SF,1.0,0.0,0.0,0.0,0.0,https://www.basketball-reference.com/players/m/martija02.html
Zach LaVine,lavinza01,29,SF,24.0,4.5,4.8,0.9,0.2,https://www.basketball-reference.com/players/l/lavinza01.html
Coby White,whiteco01,24,SG,20.4,4.5,3.7,0.9,0.2,https://www.basketball-reference.com/players/w/whiteco01.html
Nikola Vučević,vucevni01,34,C,18.5,3.5,10.1,0.8,0.7,https://www.basketball-reference.com/players/v/vucevni01.html
Ayo Dosunmu,dosunay01,25,SG,12.3,4.5,3.5,0.9,0.4,https://www.basketball-reference.com/players/d/dosunay01.html
Josh Giddey,giddejo01,22,PG,14.6,7.2,8.1,1.2,0.6,https://www.basketball-reference.com/players/g/giddejo01.html
Kevin Huerter,huertke01,26,SG,13.2,3.2,3.3,1.2,0.3,https://www.basketball-reference.com/players/h/huertke01.html
Tre Jones,jonestr01,25,PG,11.5,4.9,3.2,1.1,0.3,https://www.basketball-reference.com/players/j/jonestr01.html
Patrick Williams,willipa01,23,PF,9.0,2.0,3.8,0.8,0.5,https://www.basketball-reference.com/players/w/willipa01.html
Lonzo Ball,balllo01,27,PG,7.6,3.3,3.4,1.3,0.5,https://www.basketball-reference.com/players/b/balllo01.html
Zach Collins,colliza01,27,PF,8.6,2.1,6.7,0.5,0.5,https://www.basketball-reference.com/players/c/colliza01.html
Matas Buzelis,buzelma01,20,SF,8.6,1.0,3.5,0.4,0.9,https://www.basketball-reference.com/players/b/buzelma01.html
Jalen Smith,smithja04,24,C,8.2,1.0,5.6,0.3,0.7,https://www.basketball-reference.com/players/s/smithja04.html
Julian Phillips,phillju01,21,SF,4.6,0.5,2.1,0.5,0.3,https://www.basketball-reference.com/players/p/phillju01.html
Dalen Terry,terryda01,22,SG,4.5,1.3,1.7,0.6,0.2,https://www.basketball-reference.com/players/t/terryda01.html
Torrey Craig,craigto01,34,SF,6.9,0.6,2.8,0.2,0.1,https://www.basketball-reference.com/players/c/craigto01.html
Talen Horton-Tucker,hortota01,24,SG,6.5,1.4,1.7,0.4,0.2,https://www.basketball-reference.com/players/h/hortota01.html
Jevon Carter,carteje01,29,PG,4.3,1.1,1.1,0.4,0.1,https://www.basketball-reference.com/players/c/carteje01.html
Adama Sanogo,sanogad01,22,C,2.0,0.3,1.5,0.0,0.0,https://www.basketball-reference.com/players/s/sanogad01.html
Jahmir Young,youngja05,24,PG,1.8,1.0,0.5,0.0,0.0,https://www.basketball-reference.com/players/y/youngja05.html
E.J. Liddell,liddeej01,24,PF,1.8,0.3,0.8,0.1,0.1,https://www.basketball-reference.com/players/l/liddeej01.html
Chris Duarte,duartch01,27,SG,2.1,0.5,1.2,0.0,0.0,https://www.basketball-reference.com/players/d/duartch01.html
Emanuel Miller,milleem01,24,PF,1.7,0.3,1.3,0.2,0.0,https://www.basketball-reference.com/players/m/milleem01.html
Brandon Miller,millebr02,22,SF,21.0,3.6,4.9,1.1,0.7,https://www.basketball-reference.com/players/m/millebr02.html
LaMelo Ball,ballla01,23,PG,25.2,7.4,4.9,1.1,0.3,https://www.basketball-reference.com/players/b/ballla01.html
Miles Bridges,bridgmi02,26,PF,20.3,3.9,7.5,0.7,0.7,https://www.basketball-reference.com/players/b/bridgmi02.html
Grant Williams,willigr01,26,PF,10.4,2.3,5.1,1.1,0.8,https://www.basketball-reference.com/players/w/willigr01.html
Josh Green,greenjo02,24,SG,7.4,1.6,2.5,1.1,0.2,https://www.basketball-reference.com/players/g/greenjo02.html
Mark Williams,willima07,23,C,15.3,2.5,10.2,0.7,1.2,https://www.basketball-reference.com/players/w/willima07.html
Cody Martin,martico01,29,SF,7.8,2.3,4.5,1.1,0.7,https://www.basketball-reference.com/players/m/martico01.html
Damion Baugh,baughda01,24,SG,7.3,3.7,3.3,1.0,0.1,https://www.basketball-reference.com/players/b/baughda01.html
Tre Mann,manntr01,23,PG,14.1,3.0,2.9,0.5,0.3,https://www.basketball-reference.com/players/m/manntr01.html
KJ Simpson,simpskj01,22,PG,7.8,3.1,3.0,0.9,0.2,https://www.basketball-reference.com/players/s/simpskj01.html
DaQuan Jeffries,jeffrda01,27,SG,6.7,1.1,2.9,0.6,0.5,https://www.basketball-reference.com/players/j/jeffrda01.html
Nick Smith Jr.,smithni01,20,SG,9.9,2.4,2.1,0.3,0.1,https://www.basketball-reference.com/players/s/smithni01.html
Vasilije Micić,micicva01,31,PG,7.5,3.5,2.4,0.4,0.0,https://www.basketball-reference.com/players/m/micicva01.html
Nick Richards,richani01,27,C,8.9,1.3,7.5,0.3,1.2,https://www.basketball-reference.com/players/r/richani01.html
Tidjane Salaün,salauti01,19,PF,5.9,1.2,4.7,0.5,0.2,https://www.basketball-reference.com/players/s/salauti01.html
Elfrid Payton,paytoel01,30,PG,1.0,3.3,2.2,1.0,0.5,https://www.basketball-reference.com/players/p/paytoel01.html
Marcus Garrett,garrema01,26,SG,7.0,3.3,1.5,0.8,0.5,https://www.basketball-reference.com/players/g/garrema01.html
Jaylen Sims,simsja01,26,SG,7.0,2.0,1.0,0.5,0.2,https://www.basketball-reference.com/players/s/simsja01.html
Josh Okogie,okogijo01,26,SG,8.9,1.3,2.7,1.8,0.5,https://www.basketball-reference.com/players/o/okogijo01.html
Jusuf Nurkić,nurkiju01,30,C,9.2,2.6,6.5,0.7,0.7,https://www.basketball-reference.com/players/n/nurkiju01.html
Wendell Moore Jr.,moorewe01,23,SG,5.4,1.2,3.2,0.6,0.1,https://www.basketball-reference.com/players/m/moorewe01.html
Moussa Diabaté,diabamo01,23,C,5.7,0.8,6.2,0.6,0.6,https://www.basketball-reference.com/players/d/diabamo01.html
Seth Curry,curryse01,34,SG,6.5,0.9,1.7,0.4,0.1,https://www.basketball-reference.com/players/c/curryse01.html
Isaiah Wong,wongis01,24,SG,6.0,1.4,1.6,0.6,0.0,https://www.basketball-reference.com/players/w/wongis01.html
Taj Gibson,gibsota01,39,C,2.9,0.6,3.2,0.2,0.5,https://www.basketball-reference.com/players/g/gibsota01.html
Malachi Flynn,flynnma01,26,PG,4.0,1.8,1.8,0.8,0.0,https://www.basketball-reference.com/players/f/flynnma01.html
Jared Rhoden,rhodeja01,25,SG,1.0,0.5,1.0,0.3,0.0,https://www.basketball-reference.com/players/r/rhodeja01.html
Donovan Mitchell,mitchdo01,28,SG,24.0,5.0,4.5,1.3,0.2,https://www.basketball-reference.com/players/m/mitchdo01.html
Darius Garland,garlada01,25,PG,20.6,6.7,2.9,1.2,0.1,https://www.basketball-reference.com/players/g/garlada01.html
Evan Mobley,mobleev01,23,PF,18.5,3.2,9.3,0.9,1.6,https://www.basketball-reference.com/players/m/mobleev01.html
Jarrett Allen,allenja01,26,C,13.5,1.9,9.7,0.9,0.9,https://www.basketball-reference.com/players/a/allenja01.html
Max Strus,strusma01,28,SF,9.4,3.2,4.3,0.5,0.2,https://www.basketball-reference.com/players/s/strusma01.html
De'Andre Hunter,huntede01,27,SF,14.3,1.3,4.2,0.7,0.3,https://www.basketball-reference.com/players/h/huntede01.html
Caris LeVert,leverca01,30,SF,10.2,3.7,2.8,0.9,0.5,https://www.basketball-reference.com/players/l/leverca01.html
Dean Wade,wadede01,28,PF,5.4,1.3,4.2,0.7,0.3,https://www.basketball-reference.com/players/w/wadede01.html
Georges Niang,niangge01,31,PF,8.7,1.3,3.7,0.3,0.1,https://www.basketball-reference.com/players/n/niangge01.html
Ty Jerome,jeromty01,27,SG,12.5,3.4,2.5,1.1,0.0,https://www.basketball-reference.com/players/j/jeromty01.html
Sam Merrill,merrisa01,28,SG,7.2,1.5,2.2,0.7,0.2,https://www.basketball-reference.com/players/m/merrisa01.html
Isaac Okoro,okorois01,24,SG,6.1,1.2,2.4,0.6,0.3,https://www.basketball-reference.com/players/o/okorois01.html
Nae'Qwan Tomlin,tomlina01,24,PF,7.2,0.4,4.2,0.0,0.2,https://www.basketball-reference.com/players/t/tomlina01.html
Chuma Okeke,okekech01,26,PF,2.5,1.0,2.0,0.0,0.5,https://www.basketball-reference.com/players/o/okekech01.html
Craig Porter Jr.,portecr01,24,PG,3.7,1.4,1.3,0.3,0.3,https://www.basketball-reference.com/players/p/portecr01.html
Jaylon Tyson,tysonja01,22,SG,3.6,0.9,2.0,0.3,0.1,https://www.basketball-reference.com/players/t/tysonja01.html
Javonte Green,greenja02,31,SG,3.3,0.6,2.2,0.6,0.1,https://www.basketball-reference.com/players/g/greenja02.html
Tristan Thompson,thomptr01,33,C,1.7,0.6,3.4,0.1,0.3,https://www.basketball-reference.com/players/t/thomptr01.html
Emoni Bates,batesem01,21,SF,3.7,0.8,0.7,0.1,0.1,https://www.basketball-reference.com/players/b/batesem01.html
Luke Travers,travelu01,23,SG,1.0,0.7,1.7,0.1,0.1,https://www.basketball-reference.com/players/t/travelu01.html
JT Thor,thorjt01,22,PF,3.1,0.1,0.7,0.2,0.3,https://www.basketball-reference.com/players/t/thorjt01.html
Kyrie Irving,irvinky01,32,SG,24.7,4.6,4.8,1.3,0.5,https://www.basketball-reference.com/players/i/irvinky01.html
Luka Dončić,doncilu01,25,PG,28.1,7.8,8.3,2.0,0.4,https://www.basketball-reference.com/players/d/doncilu01.html
P.J. Washington,washipj01,26,PF,14.7,2.3,7.8,1.1,1.1,https://www.basketball-reference.com/players/w/washipj01.html
Max Christie,chrisma02,21,SG,11.2,2.5,4.2,0.9,0.3,https://www.basketball-reference.com/players/c/chrisma02.html
Anthony Davis,davisan02,31,PF,20.0,4.4,10.1,0.6,2.2,https://www.basketball-reference.com/players/d/davisan02.html
Naji Marshall,marshna01,27,SF,13.2,3.0,4.8,1.0,0.2,https://www.basketball-reference.com/players/m/marshna01.html
Klay Thompson,thompkl01,34,SF,14.0,2.0,3.4,0.7,0.4,https://www.basketball-reference.com/players/t/thompkl01.html
Spencer Dinwiddie,dinwisp01,31,PG,11.0,4.4,2.6,0.9,0.2,https://www.basketball-reference.com/players/d/dinwisp01.html
Dereck Lively II,livelde01,20,C,8.7,2.4,7.5,0.6,1.6,https://www.basketball-reference.com/players/l/livelde01.html
Quentin Grimes,grimequ01,24,SG,10.2,2.1,3.8,0.7,0.2,https://www.basketball-reference.com/players/g/grimequ01.html
Kai Jones,joneska01,24,C,11.4,1.3,6.6,0.8,0.8,https://www.basketball-reference.com/players/j/joneska01.html
Daniel Gafford,gaffoda01,26,C,12.3,1.4,6.8,0.4,1.8,https://www.basketball-reference.com/players/g/gaffoda01.html
Caleb Martin,martica02,29,SF,5.4,1.9,2.9,0.9,0.2,https://www.basketball-reference.com/players/m/martica02.html
Maxi Kleber,klebima01,33,PF,3.0,1.3,2.8,0.3,0.5,https://www.basketball-reference.com/players/k/klebima01.html
Dante Exum,exumda01,29,PG,8.7,2.8,1.7,0.6,0.2,https://www.basketball-reference.com/players/e/exumda01.html
Moses Brown,brownmo01,25,C,11.8,0.5,7.8,1.0,0.8,https://www.basketball-reference.com/players/b/brownmo01.html
Jaden Hardy,hardyja02,22,SG,8.7,1.4,1.6,0.5,0.1,https://www.basketball-reference.com/players/h/hardyja02.html
Kessler Edwards,edwarke02,24,SF,4.2,1.1,2.9,0.5,0.5,https://www.basketball-reference.com/players/e/edwarke02.html
Brandon Williams,willibr03,25,PG,8.3,2.3,1.8,0.7,0.2,https://www.basketball-reference.com/players/w/willibr03.html
Olivier-Maxence Prosper,prospol01,22,PF,3.9,0.8,2.4,0.5,0.1,https://www.basketball-reference.com/players/p/prospol01.html
Dwight Powell,poweldw01,33,C,2.1,1.0,2.1,0.3,0.4,https://www.basketball-reference.com/players/p/poweldw01.html
Kylor Kelley,kelleky01,27,C,3.0,0.3,2.6,0.0,0.3,https://www.basketball-reference.com/players/k/kelleky01.html
Markieff Morris,morrima02,35,PF,1.7,0.6,1.1,0.1,0.1,https://www.basketball-reference.com/players/m/morrima02.html
Jazian Gortman,gortmja01,21,PG,1.5,0.4,0.3,0.1,0.1,https://www.basketball-reference.com/players/g/gortmja01.html
Nikola Jokić,jokicni01,29,C,29.6,10.2,12.7,1.8,0.6,https://www.basketball-reference.com/players/j/jokicni01.html
Jamal Murray,murraja01,27,PG,21.4,6.0,3.9,1.4,0.5,https://www.basketball-reference.com/players/m/murraja01.html
Christian Braun,braunch01,23,SG,15.4,2.6,5.2,1.1,0.5,https://www.basketball-reference.com/players/b/braunch01.html
Michael Porter Jr.,portemi01,26,SF,18.2,2.1,7.0,0.6,0.5,https://www.basketball-reference.com/players/p/portemi01.html
Aaron Gordon,gordoaa01,29,PF,14.7,3.2,4.8,0.5,0.3,https://www.basketball-reference.com/players/g/gordoaa01.html
Russell Westbrook,westbru01,36,PG,13.3,6.1,4.9,1.4,0.5,https://www.basketball-reference.com/players/w/westbru01.html
Peyton Watson,watsope01,22,SF,8.1,1.4,3.4,0.7,1.4,https://www.basketball-reference.com/players/w/watsope01.html
Julian Strawther,strawju01,22,SG,9.0,1.3,2.2,0.6,0.2,https://www.basketball-reference.com/players/s/strawju01.html
Jalen Pickett,pickeja02,25,SG,4.1,2.2,1.4,0.4,0.1,https://www.basketball-reference.com/players/p/pickeja02.html
Dario Šarić,saricda01,30,C,3.5,1.4,3.1,0.4,0.1,https://www.basketball-reference.com/players/s/saricda01.html
DeAndre Jordan,jordade01,36,C,3.7,0.9,5.1,0.3,0.5,https://www.basketball-reference.com/players/j/jordade01.html
Zeke Nnaji,nnajize01,24,PF,3.2,0.4,1.6,0.4,0.7,https://www.basketball-reference.com/players/n/nnajize01.html
Vlatko Čančar,cancavl01,27,PF,1.8,0.7,2.5,0.2,0.2,https://www.basketball-reference.com/players/c/cancavl01.html
Hunter Tyson,tysonhu01,24,PF,2.6,0.4,1.5,0.2,0.1,https://www.basketball-reference.com/players/t/tysonhu01.html
Spencer Jones,jonessp01,23,SF,1.3,0.3,0.9,0.3,0.3,https://www.basketball-reference.com/players/j/jonessp01.html
Trey Alexander,alexatr01,21,SG,1.3,0.5,0.5,0.1,0.0,https://www.basketball-reference.com/players/a/alexatr01.html
PJ Hall,hallpj01,22,C,1.7,0.2,1.2,0.0,0.2,https://www.basketball-reference.com/players/h/hallpj01.html
Cade Cunningham,cunnica01,23,PG,26.1,9.1,6.1,1.0,0.8,https://www.basketball-reference.com/players/c/cunnica01.html
Tobias Harris,harrito02,32,PF,13.7,2.2,5.9,1.0,0.8,https://www.basketball-reference.com/players/h/harrito02.html
Jaden Ivey,iveyja01,22,SG,17.6,4.0,4.1,0.9,0.4,https://www.basketball-reference.com/players/i/iveyja01.html
Tim Hardaway Jr.,hardati02,32,SG,11.0,1.6,2.4,0.5,0.1,https://www.basketball-reference.com/players/h/hardati02.html
Malik Beasley,beaslma01,28,SG,16.3,1.7,2.6,0.9,0.1,https://www.basketball-reference.com/players/b/beaslma01.html
Jalen Duren,durenja01,21,C,11.8,2.7,10.3,0.7,1.1,https://www.basketball-reference.com/players/d/durenja01.html
Dennis Schröder,schrode01,31,PG,10.8,5.3,2.6,0.5,0.2,https://www.basketball-reference.com/players/s/schrode01.html
Ausar Thompson,thompau01,22,SF,10.1,2.3,5.1,1.7,0.7,https://www.basketball-reference.com/players/t/thompau01.html
Tolu Smith,smithto05,24,PF,14.0,0.0,8.0,0.0,0.0,https://www.basketball-reference.com/players/s/smithto05.html
Isaiah Stewart,stewais01,23,C,6.0,1.7,5.5,0.4,1.4,https://www.basketball-reference.com/players/s/stewais01.html
Ron Harper Jr.,harpero02,24,SF,4.0,2.0,7.0,0.0,0.0,https://www.basketball-reference.com/players/h/harpero02.html
Simone Fontecchio,fontesi01,29,SF,5.9,0.9,2.9,0.4,0.2,https://www.basketball-reference.com/players/f/fontesi01.html
Ron Holland,hollaro01,19,SF,6.4,1.0,2.7,0.6,0.2,https://www.basketball-reference.com/players/h/hollaro01.html
Marcus Sasser,sassema01,24,PG,6.6,2.3,1.2,0.6,0.1,https://www.basketball-reference.com/players/s/sassema01.html
Wendell Moore Jr.,moorewe01,23,SG,3.2,1.2,2.2,0.5,0.2,https://www.basketball-reference.com/players/m/moorewe01.html
Paul Reed,reedpa01,25,C,4.1,1.0,2.7,0.9,0.6,https://www.basketball-reference.com/players/r/reedpa01.html
Lindy Waters III,waterli01,27,SG,3.4,0.7,1.0,0.4,0.1,https://www.basketball-reference.com/players/w/waterli01.html
Cole Swider,swideco01,25,SF,0.0,0.5,1.0,0.0,0.0,https://www.basketball-reference.com/players/s/swideco01.html
Bobi Klintman,klintbo01,21,SF,1.9,0.9,0.9,0.3,0.1,https://www.basketball-reference.com/players/k/klintbo01.html
Alondes Williams,willial06,25,SG,5.0,1.0,0.0,0.0,0.0,https://www.basketball-reference.com/players/w/willial06.html
Daniss Jenkins,jenkida01,23,PG,1.0,0.4,0.3,0.0,0.0,https://www.basketball-reference.com/players/j/jenkida01.html
Jimmy Butler,butleji01,35,SF,17.9,5.9,5.5,1.7,0.3,https://www.basketball-reference.com/players/b/butleji01.html
Stephen Curry,curryst01,36,PG,24.5,6.0,4.4,1.1,0.4,https://www.basketball-reference.com/players/c/curryst01.html
Andrew Wiggins,wiggian01,29,SF,17.6,2.4,4.6,0.9,0.8,https://www.basketball-reference.com/players/w/wiggian01.html
Draymond Green,greendr01,34,PF,9.0,5.6,6.1,1.5,1.0,https://www.basketball-reference.com/players/g/greendr01.html
Brandin Podziemski,podzibr01,21,SG,11.7,3.4,5.1,1.1,0.2,https://www.basketball-reference.com/players/p/podzibr01.html
Dennis Schröder,schrode01,31,SG,10.6,4.4,2.3,1.0,0.1,https://www.basketball-reference.com/players/s/schrode01.html
Jonathan Kuminga,kuminjo01,22,PF,15.3,2.2,4.6,0.8,0.4,https://www.basketball-reference.com/players/k/kuminjo01.html
Buddy Hield,hieldbu01,32,SG,11.1,1.6,3.2,0.8,0.3,https://www.basketball-reference.com/players/h/hieldbu01.html
Moses Moody,moodymo01,22,SG,9.8,1.3,2.6,0.8,0.4,https://www.basketball-reference.com/players/m/moodymo01.html
De'Anthony Melton,meltode01,26,SG,10.3,2.8,3.3,1.2,0.3,https://www.basketball-reference.com/players/m/meltode01.html
Lindy Waters III,waterli01,27,SG,5.5,1.1,2.5,0.6,0.3,https://www.basketball-reference.com/players/w/waterli01.html
Quinten Post,postqu01,24,PF,8.1,1.3,3.5,0.4,0.4,https://www.basketball-reference.com/players/p/postqu01.html
Trayce Jackson-Davis,jackstr02,24,C,6.6,1.7,5.0,0.4,0.6,https://www.basketball-reference.com/players/j/jackstr02.html
Kevon Looney,looneke01,28,C,4.5,1.6,6.1,0.6,0.5,https://www.basketball-reference.com/players/l/looneke01.html
Gary Payton II,paytoga02,32,SG,6.5,1.3,3.0,0.8,0.3,https://www.basketball-reference.com/players/p/paytoga02.html
Kyle Anderson,anderky01,31,PF,5.3,2.3,3.1,0.7,0.6,https://www.basketball-reference.com/players/a/anderky01.html
Gui Santos,santogu01,22,PF,4.1,1.4,3.1,0.4,0.2,https://www.basketball-reference.com/players/s/santogu01.html
Jackson Rowe,roweja01,28,PF,3.7,0.7,1.8,0.7,0.0,https://www.basketball-reference.com/players/r/roweja01.html
Yuri Collins,colliyu01,23,PG,1.0,2.0,1.5,1.0,0.0,https://www.basketball-reference.com/players/c/colliyu01.html
Pat Spencer,spencpa01,28,PG,2.5,1.2,1.2,0.4,0.1,https://www.basketball-reference.com/players/s/spencpa01.html
Kevin Knox,knoxke01,25,SF,3.3,0.4,1.2,0.1,0.3,https://www.basketball-reference.com/players/k/knoxke01.html
Braxton Key,keybr01,27,SF,1.0,0.0,0.7,0.7,0.0,https://www.basketball-reference.com/players/k/keybr01.html
Reece Beekman,beekmre01,23,PG,1.0,0.5,0.5,0.5,0.0,https://www.basketball-reference.com/players/b/beekmre01.html
Fred VanVleet,vanvlfr01,30,PG,14.1,5.6,3.7,1.6,0.4,https://www.basketball-reference.com/players/v/vanvlfr01.html
Jalen Green,greenja05,22,SG,21.0,3.4,4.6,0.9,0.3,https://www.basketball-reference.com/players/g/greenja05.html
Amen Thompson,thompam01,22,SF,14.1,3.8,8.2,1.4,1.3,https://www.basketball-reference.com/players/t/thompam01.html
Dillon Brooks,brookdi01,29,SF,14.0,1.7,3.7,0.8,0.2,https://www.basketball-reference.com/players/b/brookdi01.html
Alperen Şengün,sengual01,22,C,19.1,4.9,10.3,1.1,0.8,https://www.basketball-reference.com/players/s/sengual01.html
Jabari Smith Jr.,smithja05,21,PF,12.2,1.1,7.0,0.4,0.7,https://www.basketball-reference.com/players/s/smithja05.html
Tari Eason,easonta01,23,PF,12.0,1.5,6.4,1.7,0.9,https://www.basketball-reference.com/players/e/easonta01.html
Cam Whitmore,whitmca01,20,SF,9.4,1.0,3.0,0.6,0.3,https://www.basketball-reference.com/players/w/whitmca01.html
Steven Adams,adamsst01,31,C,3.9,1.1,5.6,0.4,0.5,https://www.basketball-reference.com/players/a/adamsst01.html
Aaron Holiday,holidaa01,28,PG,5.5,1.3,1.3,0.3,0.2,https://www.basketball-reference.com/players/h/holidaa01.html
N'Faly Dante,nfalyda01,23,C,6.0,0.5,5.3,0.3,1.3,https://www.basketball-reference.com/players/n/nfalyda01.html
Reed Sheppard,sheppre01,20,PG,4.4,1.4,1.5,0.7,0.3,https://www.basketball-reference.com/players/s/sheppre01.html
Jeff Green,greenje02,38,PF,5.4,0.6,1.8,0.2,0.1,https://www.basketball-reference.com/players/g/greenje02.html
Jock Landale,landajo01,29,C,4.8,0.9,3.3,0.3,0.2,https://www.basketball-reference.com/players/l/landajo01.html
David Roddy,roddyda01,23,PF,4.3,0.7,1.7,0.0,0.3,https://www.basketball-reference.com/players/r/roddyda01.html
Jae'Sean Tate,tateja01,29,SF,3.6,0.9,2.3,0.5,0.1,https://www.basketball-reference.com/players/t/tateja01.html
Jeenathan Williams,willije02,25,SG,3.3,0.5,0.7,0.4,0.2,https://www.basketball-reference.com/players/w/willije02.html
Jack McVeigh,mcveija01,28,PF,1.6,0.1,0.6,0.0,0.2,https://www.basketball-reference.com/players/m/mcveija01.html
Tyrese Haliburton,halibty01,24,PG,18.6,9.2,3.5,1.4,0.7,https://www.basketball-reference.com/players/h/halibty01.html
Pascal Siakam,siakapa01,30,PF,20.2,3.4,6.9,0.9,0.5,https://www.basketball-reference.com/players/s/siakapa01.html
Myles Turner,turnemy01,28,C,15.6,1.5,6.5,0.8,2.0,https://www.basketball-reference.com/players/t/turnemy01.html
Bennedict Mathurin,mathube01,22,SF,16.1,1.9,5.3,0.7,0.3,https://www.basketball-reference.com/players/m/mathube01.html
Andrew Nembhard,nembhan01,25,SG,10.0,5.0,3.3,1.2,0.2,https://www.basketball-reference.com/players/n/nembhan01.html
Aaron Nesmith,nesmiaa01,25,SF,12.0,1.2,4.0,0.8,0.4,https://www.basketball-reference.com/players/n/nesmiaa01.html
Obi Toppin,toppiob01,26,PF,10.5,1.6,4.0,0.6,0.4,https://www.basketball-reference.com/players/t/toppiob01.html
Ben Sheppard,sheppbe01,23,SG,5.3,1.3,2.8,0.6,0.2,https://www.basketball-reference.com/players/s/sheppbe01.html
T.J. McConnell,mccontj01,32,PG,9.1,4.4,2.4,1.1,0.3,https://www.basketball-reference.com/players/m/mccontj01.html
Isaiah Jackson,jacksis01,23,C,7.0,1.0,5.6,0.6,1.6,https://www.basketball-reference.com/players/j/jacksis01.html
Jarace Walker,walkeja02,21,PF,6.1,1.5,3.1,0.7,0.3,https://www.basketball-reference.com/players/w/walkeja02.html
Thomas Bryant,bryanth01,27,C,6.9,0.9,3.9,0.5,0.6,https://www.basketball-reference.com/players/b/bryanth01.html
Quenton Jackson,jacksqu01,26,PG,5.8,1.9,1.6,0.8,0.2,https://www.basketball-reference.com/players/j/jacksqu01.html
Enrique Freeman,freemen01,24,PF,2.1,0.4,1.4,0.1,0.1,https://www.basketball-reference.com/players/f/freemen01.html
Tony Bradley,bradlto01,27,C,4.4,0.4,3.0,0.1,0.6,https://www.basketball-reference.com/players/b/bradlto01.html
Johnny Furphy,furphjo01,20,SG,2.1,0.4,1.4,0.4,0.2,https://www.basketball-reference.com/players/f/furphjo01.html
RayJ Dennis,dennira01,23,PG,2.7,1.3,1.1,0.6,0.2,https://www.basketball-reference.com/players/d/dennira01.html
Moses Brown,brownmo01,25,C,3.2,0.0,1.4,0.2,0.1,https://www.basketball-reference.com/players/b/brownmo01.html
James Wiseman,wisemja01,23,C,6.0,0.0,1.0,0.0,0.0,https://www.basketball-reference.com/players/w/wisemja01.html
James Johnson,johnsja01,37,PF,0.7,0.3,0.5,0.0,0.2,https://www.basketball-reference.com/players/j/johnsja01.html
Jahlil Okafor,okafoja01,29,C,0.0,1.0,1.0,0.0,0.0,https://www.basketball-reference.com/players/o/okafoja01.html
Tristen Newton,newtotr01,23,SG,0.6,0.2,0.0,0.0,0.0,https://www.basketball-reference.com/players/n/newtotr01.html
James Harden,hardeja01,35,PG,22.8,8.7,5.8,1.5,0.7,https://www.basketball-reference.com/players/h/hardeja01.html
Ivica Zubac,zubaciv01,27,C,16.8,2.7,12.6,0.7,1.1,https://www.basketball-reference.com/players/z/zubaciv01.html
Norman Powell,powelno01,31,SG,21.8,2.1,3.2,1.2,0.2,https://www.basketball-reference.com/players/p/powelno01.html
Kawhi Leonard,leonaka01,33,SF,21.5,3.1,5.9,1.6,0.5,https://www.basketball-reference.com/players/l/leonaka01.html
Bogdan Bogdanović,bogdabo01,32,SG,11.4,3.2,3.1,0.7,0.2,https://www.basketball-reference.com/players/b/bogdabo01.html
Derrick Jones Jr.,jonesde02,27,SF,10.1,0.8,3.4,1.0,0.4,https://www.basketball-reference.com/players/j/jonesde02.html
Amir Coffey,coffeam01,27,SG,9.7,1.1,2.2,0.6,0.1,https://www.basketball-reference.com/players/c/coffeam01.html
Kris Dunn,dunnkr01,30,PG,6.4,2.8,3.4,1.7,0.4,https://www.basketball-reference.com/players/d/dunnkr01.html
Terance Mann,mannte01,28,SG,6.0,1.6,2.9,0.8,0.3,https://www.basketball-reference.com/players/m/mannte01.html
Kevin Porter Jr.,porteke02,24,SG,9.3,3.2,3.6,1.0,0.2,https://www.basketball-reference.com/players/p/porteke02.html
Nicolas Batum,batumni01,36,PF,4.0,1.1,2.8,0.7,0.5,https://www.basketball-reference.com/players/b/batumni01.html
Ben Simmons,simmobe01,28,PG,2.9,3.1,3.8,0.7,0.4,https://www.basketball-reference.com/players/s/simmobe01.html
Mo Bamba,bambamo01,26,C,4.6,0.6,4.3,0.3,1.0,https://www.basketball-reference.com/players/b/bambamo01.html
Jordan Miller,millejo02,25,SF,4.1,0.9,1.6,0.5,0.1,https://www.basketball-reference.com/players/m/millejo02.html
Bones Hyland,hylanbo01,24,PG,7.2,1.4,1.2,0.9,0.2,https://www.basketball-reference.com/players/h/hylanbo01.html
Drew Eubanks,eubandr01,27,C,2.7,0.4,2.4,0.1,0.3,https://www.basketball-reference.com/players/e/eubandr01.html
Kai Jones,joneska01,24,C,2.2,0.4,1.6,0.2,0.5,https://www.basketball-reference.com/players/j/joneska01.html
Kobe Brown,brownko01,25,PF,1.9,0.6,1.6,0.2,0.1,https://www.basketball-reference.com/players/b/brownko01.html
MarJon Beauchamp,beaucma01,24,SF,4.0,0.7,1.0,0.0,0.0,https://www.basketball-reference.com/players/b/beaucma01.html
Patty Mills,millspa02,36,PG,3.1,0.4,0.1,0.1,0.0,https://www.basketball-reference.com/players/m/millspa02.html
Trentyn Flowers,flowetr01,19,SF,1.8,0.0,0.7,0.0,0.0,https://www.basketball-reference.com/players/f/flowetr01.html
Cam Christie,chrisca02,19,SG,1.4,0.5,0.9,0.4,0.1,https://www.basketball-reference.com/players/c/chrisca02.html
Patrick Baldwin Jr.,baldwpa01,22,SF,3.0,0.5,1.5,0.0,0.0,https://www.basketball-reference.com/players/b/baldwpa01.html
Luka Dončić,doncilu01,25,PG,28.2,7.5,8.1,1.6,0.4,https://www.basketball-reference.com/players/d/doncilu01.html
Austin Reaves,reaveau01,26,SG,20.2,5.8,4.5,1.1,0.3,https://www.basketball-reference.com/players/r/reaveau01.html
LeBron James,jamesle01,40,SF,24.4,8.2,7.8,1.0,0.6,https://www.basketball-reference.com/players/j/jamesle01.html
Anthony Davis,davisan02,31,C,25.7,3.4,11.9,1.3,2.1,https://www.basketball-reference.com/players/d/davisan02.html
Rui Hachimura,hachiru01,26,PF,13.1,1.4,5.0,0.8,0.4,https://www.basketball-reference.com/players/h/hachiru01.html
Dorian Finney-Smith,finnedo01,31,PF,7.9,1.4,3.6,0.9,0.3,https://www.basketball-reference.com/players/f/finnedo01.html
D'Angelo Russell,russeda01,28,PG,12.4,4.7,2.8,0.8,0.1,https://www.basketball-reference.com/players/r/russeda01.html
Max Christie,chrisma02,21,SG,8.5,1.4,2.7,0.8,0.5,https://www.basketball-reference.com/players/c/chrisma02.html
Gabe Vincent,vincega01,28,PG,6.4,1.4,1.3,0.7,0.2,https://www.basketball-reference.com/players/v/vincega01.html
Jaxson Hayes,hayesja02,24,C,6.8,1.0,4.8,0.6,0.9,https://www.basketball-reference.com/players/h/hayesja02.html
Dalton Knecht,knechda01,23,SF,9.1,0.8,2.8,0.3,0.1,https://www.basketball-reference.com/players/k/knechda01.html
Jordan Goodwin,goodwjo01,26,PG,5.6,1.4,3.9,1.0,0.4,https://www.basketball-reference.com/players/g/goodwjo01.html
Cam Reddish,reddica01,25,SF,3.2,0.7,2.0,1.0,0.3,https://www.basketball-reference.com/players/r/reddica01.html
Jarred Vanderbilt,vandeja01,25,PF,4.1,1.1,5.1,1.0,0.3,https://www.basketball-reference.com/players/v/vandeja01.html
Markieff Morris,morrima02,35,PF,5.5,2.1,1.9,0.1,0.3,https://www.basketball-reference.com/players/m/morrima02.html
Alex Len,lenal01,31,C,2.2,0.8,3.1,0.1,0.3,https://www.basketball-reference.com/players/l/lenal01.html
Shake Milton,miltosh01,28,SG,3.9,1.3,1.8,0.3,0.1,https://www.basketball-reference.com/players/m/miltosh01.html
Trey Jemison,jemistr01,25,C,2.6,0.3,2.8,0.1,0.4,https://www.basketball-reference.com/players/j/jemistr01.html
Christian Koloko,kolokch01,24,C,2.4,0.4,2.5,0.2,0.4,https://www.basketball-reference.com/players/k/kolokch01.html
Armel Traoré,armeltr01,22,SF,1.6,0.1,1.7,0.4,0.2,https://www.basketball-reference.com/players/a/armeltr01.html
Jalen Hood-Schifino,hoodsja01,21,SG,2.0,0.5,0.5,0.0,0.5,https://www.basketball-reference.com/players/h/hoodsja01.html
Bronny James,jamesbr02,20,SG,2.3,0.8,0.7,0.3,0.1,https://www.basketball-reference.com/players/j/jamesbr02.html
Quincy Olivari,olivaqu01,23,PG,1.5,0.5,0.0,0.0,0.0,https://www.basketball-reference.com/players/o/olivaqu01.html
Maxwell Lewis,lewisma05,22,SF,0.6,0.3,0.3,0.1,0.0,https://www.basketball-reference.com/players/l/lewisma05.html
Desmond Bane,banede01,26,SG,19.2,5.3,6.1,1.2,0.4,https://www.basketball-reference.com/players/b/banede01.html
Ja Morant,moranja01,25,PG,23.2,7.3,4.1,1.2,0.2,https://www.basketball-reference.com/players/m/moranja01.html
Jaren Jackson Jr.,jacksja02,25,C,22.2,2.0,5.6,1.2,1.5,https://www.basketball-reference.com/players/j/jacksja02.html
Jaylen Wells,wellsja01,21,SG,10.4,1.7,3.4,0.6,0.1,https://www.basketball-reference.com/players/w/wellsja01.html
Santi Aldama,aldamsa01,24,PF,12.5,2.9,6.4,0.8,0.4,https://www.basketball-reference.com/players/a/aldamsa01.html
Luke Kennard,kennalu01,28,SG,8.9,3.3,2.8,0.8,0.1,https://www.basketball-reference.com/players/k/kennalu01.html
Zach Edey,edeyza01,22,C,9.2,1.0,8.3,0.5,1.3,https://www.basketball-reference.com/players/e/edeyza01.html
Scotty Pippen Jr.,pippesc02,24,PG,9.9,4.4,3.3,1.3,0.4,https://www.basketball-reference.com/players/p/pippesc02.html
Marcus Smart,smartma01,30,PG,8.7,3.7,2.3,1.2,0.3,https://www.basketball-reference.com/players/s/smartma01.html
Jake LaRavia,laravja01,23,PF,7.3,2.8,4.4,0.9,0.4,https://www.basketball-reference.com/players/l/laravja01.html
Brandon Clarke,clarkbr01,28,PF,8.3,1.0,5.1,0.8,0.6,https://www.basketball-reference.com/players/c/clarkbr01.html
Vince Williams Jr.,willivi01,24,SG,6.6,2.0,3.6,0.4,0.3,https://www.basketball-reference.com/players/w/willivi01.html
GG Jackson II,jacksgg01,20,PF,7.2,1.0,3.2,0.4,0.2,https://www.basketball-reference.com/players/j/jacksgg01.html
John Konchar,konchjo01,28,SG,2.4,0.9,3.3,0.7,0.3,https://www.basketball-reference.com/players/k/konchjo01.html
Jay Huff,huffja01,26,C,6.9,0.6,2.0,0.3,0.9,https://www.basketball-reference.com/players/h/huffja01.html
Cam Spencer,spencca01,24,SG,4.2,1.4,1.2,0.4,0.0,https://www.basketball-reference.com/players/s/spencca01.html
Lamar Stevens,stevela01,27,PF,4.4,0.5,2.2,0.3,0.2,https://www.basketball-reference.com/players/s/stevela01.html
Marvin Bagley III,baglema01,25,PF,3.6,0.3,2.3,0.2,0.3,https://www.basketball-reference.com/players/b/baglema01.html
Colin Castleton,castlco01,24,C,1.4,0.0,0.9,0.1,0.1,https://www.basketball-reference.com/players/c/castlco01.html
Yuki Kawamura,kawamyu01,23,PG,1.6,0.9,0.5,0.1,0.0,https://www.basketball-reference.com/players/k/kawamyu01.html
Zyon Pullin,pullizy01,23,SG,0.0,0.0,0.0,0.0,0.0,https://www.basketball-reference.com/players/p/pullizy01.html
Tyler Herro,herroty01,25,SG,23.9,5.5,5.2,0.9,0.2,https://www.basketball-reference.com/players/h/herroty01.html
Bam Adebayo,adebaba01,27,C,18.1,4.3,9.6,1.3,0.7,https://www.basketball-reference.com/players/a/adebaba01.html
Andrew Wiggins,wiggian01,29,SF,19.0,3.3,4.2,1.2,1.0,https://www.basketball-reference.com/players/w/wiggian01.html
Davion Mitchell,mitchda01,26,PG,10.3,5.3,2.7,1.4,0.3,https://www.basketball-reference.com/players/m/mitchda01.html
Jimmy Butler,butleji01,35,PF,17.0,4.8,5.2,1.1,0.4,https://www.basketball-reference.com/players/b/butleji01.html
Terry Rozier,roziete01,30,PG,10.6,2.6,3.7,0.6,0.2,https://www.basketball-reference.com/players/r/roziete01.html
Nikola Jović,jovicni01,21,PF,10.7,2.8,3.9,0.8,0.3,https://www.basketball-reference.com/players/j/jovicni01.html
Haywood Highsmith,highsha01,28,SF,6.5,1.5,3.4,0.9,0.5,https://www.basketball-reference.com/players/h/highsha01.html
Duncan Robinson,robindu01,30,SF,11.0,2.4,2.3,0.5,0.1,https://www.basketball-reference.com/players/r/robindu01.html
Kel'el Ware,wareke01,20,C,9.3,0.9,7.4,0.6,1.1,https://www.basketball-reference.com/players/w/wareke01.html
Jaime Jaquez Jr.,jaqueja01,23,SF,8.6,2.5,4.4,0.9,0.2,https://www.basketball-reference.com/players/j/jaqueja01.html
Dru Smith,smithdr01,27,SG,6.2,1.6,2.6,1.5,0.4,https://www.basketball-reference.com/players/s/smithdr01.html
Josh Richardson,richajo01,31,SG,4.0,1.5,1.5,1.0,0.1,https://www.basketball-reference.com/players/r/richajo01.html
Kyle Anderson,anderky01,31,SF,6.7,2.6,3.8,0.6,0.5,https://www.basketball-reference.com/players/a/anderky01.html
Alec Burks,burksal01,33,SG,7.3,1.1,2.5,0.6,0.1,https://www.basketball-reference.com/players/b/burksal01.html
Pelle Larsson,larsspe01,23,SG,4.6,1.2,1.7,0.6,0.1,https://www.basketball-reference.com/players/l/larsspe01.html
Thomas Bryant,bryanth01,27,C,4.1,0.4,3.2,0.1,0.9,https://www.basketball-reference.com/players/b/bryanth01.html
Kevin Love,loveke01,36,PF,5.3,1.0,4.1,0.7,0.2,https://www.basketball-reference.com/players/l/loveke01.html
Keshad Johnson,johnske10,23,SF,2.7,0.3,1.8,0.3,0.3,https://www.basketball-reference.com/players/j/johnske10.html
Josh Christopher,chrisjo01,23,SG,2.0,0.6,0.6,0.4,0.2,https://www.basketball-reference.com/players/c/chrisjo01.html
Isaiah Stevens,steveis01,24,PG,0.0,0.0,0.7,0.3,0.0,https://www.basketball-reference.com/players/s/steveis01.html
Damian Lillard,lillada01,34,PG,24.9,7.1,4.7,1.2,0.2,https://www.basketball-reference.com/players/l/lillada01.html
Giannis Antetokounmpo,antetgi01,30,PF,30.4,6.5,11.9,0.9,1.2,https://www.basketball-reference.com/players/a/antetgi01.html
Kyle Kuzma,kuzmaky01,29,PF,14.5,2.2,5.6,0.5,0.4,https://www.basketball-reference.com/players/k/kuzmaky01.html
Brook Lopez,lopezbr01,36,C,13.0,1.8,5.0,0.6,1.9,https://www.basketball-reference.com/players/l/lopezbr01.html
Taurean Prince,princta02,30,SF,8.2,1.9,3.6,1.0,0.2,https://www.basketball-reference.com/players/p/princta02.html
Gary Trent Jr.,trentga02,26,SG,11.1,1.2,2.3,1.0,0.1,https://www.basketball-reference.com/players/t/trentga02.html
Bobby Portis,portibo01,29,PF,13.9,2.1,8.4,0.7,0.5,https://www.basketball-reference.com/players/p/portibo01.html
Khris Middleton,middlkh01,33,SF,12.6,4.4,3.7,0.7,0.2,https://www.basketball-reference.com/players/m/middlkh01.html
A.J. Green,greenaj01,25,SG,7.4,1.5,2.4,0.5,0.1,https://www.basketball-reference.com/players/g/greenaj01.html
Kevin Porter Jr.,porteke02,24,SG,11.7,3.7,3.9,1.3,0.1,https://www.basketball-reference.com/players/p/porteke02.html
Delon Wright,wrighde01,32,PG,2.5,1.8,1.8,0.9,0.3,https://www.basketball-reference.com/players/w/wrighde01.html
Jericho Sims,simsje01,26,C,2.4,0.8,4.9,0.1,0.6,https://www.basketball-reference.com/players/s/simsje01.html
Pat Connaughton,connapa01,32,SG,5.3,1.7,2.7,0.2,0.3,https://www.basketball-reference.com/players/c/connapa01.html
Andre Jackson Jr.,jacksan01,23,SG,3.4,1.2,2.7,0.5,0.2,https://www.basketball-reference.com/players/j/jacksan01.html
Ryan Rollins,rolliry01,22,PG,6.2,1.9,1.9,0.8,0.3,https://www.basketball-reference.com/players/r/rolliry01.html
Jamaree Bouyea,bouyeja01,25,PG,3.4,2.0,1.0,0.8,0.4,https://www.basketball-reference.com/players/b/bouyeja01.html
Pete Nance,nancepe01,24,PF,3.8,1.2,1.8,0.2,0.3,https://www.basketball-reference.com/players/n/nancepe01.html
AJ Johnson,johnsaj01,20,SG,2.9,1.0,1.0,0.1,0.0,https://www.basketball-reference.com/players/j/johnsaj01.html
Tyler Smith,smithty02,20,PF,2.9,0.2,1.1,0.1,0.2,https://www.basketball-reference.com/players/s/smithty02.html
Chris Livingston,livinch01,21,SF,1.4,0.2,1.7,0.2,0.0,https://www.basketball-reference.com/players/l/livinch01.html
MarJon Beauchamp,beaucma01,24,SF,2.0,0.3,1.2,0.1,0.0,https://www.basketball-reference.com/players/b/beaucma01.html
Liam Robbins,robbili01,25,C,0.7,0.2,0.9,0.2,0.2,https://www.basketball-reference.com/players/r/robbili01.html
Stanley Umude,umudest01,25,SG,0.7,0.2,0.8,0.1,0.3,https://www.basketball-reference.com/players/u/umudest01.html
Anthony Edwards,edwaran01,23,SG,27.6,4.5,5.7,1.2,0.6,https://www.basketball-reference.com/players/e/edwaran01.html
Rudy Gobert,goberru01,32,C,12.0,1.8,10.9,0.8,1.4,https://www.basketball-reference.com/players/g/goberru01.html
Julius Randle,randlju01,30,PF,18.7,4.7,7.1,0.7,0.2,https://www.basketball-reference.com/players/r/randlju01.html
Jaden McDaniels,mcdanja02,24,PF,12.2,2.0,5.7,1.3,0.9,https://www.basketball-reference.com/players/m/mcdanja02.html
Naz Reid,reidna01,25,C,14.2,2.3,6.0,0.7,0.9,https://www.basketball-reference.com/players/r/reidna01.html
Donte DiVincenzo,divindo01,28,SG,11.7,3.6,3.7,1.2,0.3,https://www.basketball-reference.com/players/d/divindo01.html
Nickeil Alexander-Walker,alexani01,26,SG,9.4,2.7,3.2,0.6,0.4,https://www.basketball-reference.com/players/a/alexani01.html
Mike Conley,conlemi01,37,PG,8.2,4.5,2.6,1.1,0.2,https://www.basketball-reference.com/players/c/conlemi01.html
Jaylen Clark,clarkja02,23,SG,4.1,0.7,1.3,0.9,0.1,https://www.basketball-reference.com/players/c/clarkja02.html
Terrence Shannon Jr.,shannte01,24,SG,4.3,1.0,1.5,0.2,0.2,https://www.basketball-reference.com/players/s/shannte01.html
Rob Dillingham,dilliro01,20,PG,4.5,2.0,1.0,0.4,0.0,https://www.basketball-reference.com/players/d/dilliro01.html
Joe Ingles,inglejo01,37,SF,0.8,1.2,0.6,0.1,0.0,https://www.basketball-reference.com/players/i/inglejo01.html
Josh Minott,minotjo01,22,SF,2.6,0.4,1.0,0.3,0.3,https://www.basketball-reference.com/players/m/minotjo01.html
Luka Garza,garzalu01,26,C,3.5,0.3,1.4,0.2,0.1,https://www.basketball-reference.com/players/g/garzalu01.html
Bones Hyland,hylanbo01,24,PG,1.3,1.0,0.3,0.0,0.0,https://www.basketball-reference.com/players/h/hylanbo01.html
Daishen Nix,nixda01,22,PG,0.3,1.0,1.3,0.0,0.0,https://www.basketball-reference.com/players/n/nixda01.html
PJ Dozier,doziepj01,28,SG,0.8,0.6,0.6,0.1,0.0,https://www.basketball-reference.com/players/d/doziepj01.html
Tristen Newton,newtotr01,23,SG,0.0,0.3,1.3,0.3,0.0,https://www.basketball-reference.com/players/n/newtotr01.html
Leonard Miller,millele01,21,SF,1.5,0.0,0.8,0.2,0.1,https://www.basketball-reference.com/players/m/millele01.html
Jesse Edwards,edwarje01,24,C,0.0,0.5,0.0,0.0,0.0,https://www.basketball-reference.com/players/e/edwarje01.html
Trey Murphy III,murphtr02,24,SF,21.2,3.5,5.1,1.1,0.7,https://www.basketball-reference.com/players/m/murphtr02.html
Brandon Ingram,ingrabr01,27,SF,22.2,5.2,5.6,0.9,0.6,https://www.basketball-reference.com/players/i/ingrabr01.html
CJ McCollum,mccolcj01,33,PG,21.1,4.1,3.8,0.8,0.4,https://www.basketball-reference.com/players/m/mccolcj01.html
Dejounte Murray,murrade01,28,PG,17.5,7.4,6.5,2.0,0.4,https://www.basketball-reference.com/players/m/murrade01.html
Herbert Jones,joneshe01,26,SF,10.3,3.3,3.9,1.9,0.5,https://www.basketball-reference.com/players/j/joneshe01.html
Zion Williamson,willizi01,24,PF,24.6,5.3,7.2,1.2,0.9,https://www.basketball-reference.com/players/w/willizi01.html
Yves Missi,missiyv01,20,C,9.1,1.4,8.2,0.5,1.3,https://www.basketball-reference.com/players/m/missiyv01.html
Kelly Olynyk,olynyke01,33,C,10.7,3.6,5.9,0.9,0.6,https://www.basketball-reference.com/players/o/olynyke01.html
Bruce Brown,brownbr01,28,PG,8.2,2.4,4.2,0.7,0.3,https://www.basketball-reference.com/players/b/brownbr01.html
Jose Alvarado,alvarjo01,26,PG,10.3,4.6,2.4,1.3,0.3,https://www.basketball-reference.com/players/a/alvarjo01.html
Keion Brooks Jr.,brookke02,24,SF,10.1,0.9,4.1,0.7,0.7,https://www.basketball-reference.com/players/b/brookke02.html
Jordan Hawkins,hawkijo01,22,SG,10.8,1.2,2.8,0.5,0.4,https://www.basketball-reference.com/players/h/hawkijo01.html
Brandon Boston Jr.,bostobr01,23,SG,10.7,2.2,3.2,1.3,0.2,https://www.basketball-reference.com/players/b/bostobr01.html
Javonte Green,greenja02,31,SG,5.8,0.9,3.6,1.1,0.6,https://www.basketball-reference.com/players/g/greenja02.html
Elfrid Payton,paytoel01,30,PG,4.4,8.1,3.7,1.0,0.4,https://www.basketball-reference.com/players/p/paytoel01.html
Jaylen Nowell,nowelja01,25,SG,8.4,2.3,2.5,0.1,0.5,https://www.basketball-reference.com/players/n/nowelja01.html
Kylor Kelley,kelleky01,27,C,3.3,1.0,6.0,0.3,0.3,https://www.basketball-reference.com/players/k/kelleky01.html
Jeremiah Robinson-Earl,robinje02,24,PF,6.3,1.3,4.8,0.6,0.1,https://www.basketball-reference.com/players/r/robinje02.html
Karlo Matković,matkoka01,23,PF,7.7,1.1,5.0,0.5,1.0,https://www.basketball-reference.com/players/m/matkoka01.html
Lester Quiñones,quinole01,24,SG,8.6,2.6,1.7,0.3,0.2,https://www.basketball-reference.com/players/q/quinole01.html
Daniel Theis,theisda01,32,C,4.3,1.6,4.3,0.5,0.5,https://www.basketball-reference.com/players/t/theisda01.html
Mo Bamba,bambamo01,26,C,2.5,0.5,6.3,0.0,0.8,https://www.basketball-reference.com/players/b/bambamo01.html
Antonio Reeves,reevean01,24,SG,6.9,0.9,1.4,0.5,0.1,https://www.basketball-reference.com/players/r/reevean01.html
Jamal Cain,cainja01,25,SF,5.3,0.6,2.3,0.6,0.2,https://www.basketball-reference.com/players/c/cainja01.html
Trey Jemison,jemistr01,25,C,2.4,0.6,2.8,0.4,0.4,https://www.basketball-reference.com/players/j/jemistr01.html
Josh Hart,hartjo01,29,SG,13.6,5.9,9.6,1.5,0.4,https://www.basketball-reference.com/players/h/hartjo01.html
Mikal Bridges,bridgmi01,28,SF,17.6,3.7,3.2,0.9,0.5,https://www.basketball-reference.com/players/b/bridgmi01.html
OG Anunoby,anunoog01,27,PF,18.0,2.2,4.8,1.5,0.9,https://www.basketball-reference.com/players/a/anunoog01.html
Jalen Brunson,brunsja01,28,PG,26.0,7.3,2.9,0.9,0.1,https://www.basketball-reference.com/players/b/brunsja01.html
Karl-Anthony Towns,townska01,29,C,24.4,3.1,12.8,1.0,0.7,https://www.basketball-reference.com/players/t/townska01.html
Miles McBride,mcbrimi01,24,PG,9.5,2.9,2.5,1.0,0.3,https://www.basketball-reference.com/players/m/mcbrimi01.html
Precious Achiuwa,achiupr01,25,C,6.6,1.0,5.6,0.8,0.7,https://www.basketball-reference.com/players/a/achiupr01.html
P.J. Tucker,tuckepj01,39,SF,3.0,0.0,2.7,0.3,0.3,https://www.basketball-reference.com/players/t/tuckepj01.html
Mitchell Robinson,robinmi01,26,C,5.1,0.8,5.9,0.9,1.1,https://www.basketball-reference.com/players/r/robinmi01.html
Delon Wright,wrighde01,32,PG,4.3,2.1,1.4,0.9,0.2,https://www.basketball-reference.com/players/w/wrighde01.html
Landry Shamet,shamela01,27,SG,5.7,0.5,1.2,0.5,0.0,https://www.basketball-reference.com/players/s/shamela01.html
Cameron Payne,payneca01,30,PG,6.9,2.8,1.4,0.5,0.2,https://www.basketball-reference.com/players/p/payneca01.html
Jericho Sims,simsje01,26,C,1.6,0.6,3.3,0.2,0.3,https://www.basketball-reference.com/players/s/simsje01.html
Ariel Hukporti,hukpoar01,22,C,1.9,0.4,2.0,0.0,0.6,https://www.basketball-reference.com/players/h/hukpoar01.html
Kevin McCullar Jr.,mcculke01,23,SF,1.5,0.5,2.0,0.3,0.3,https://www.basketball-reference.com/players/m/mcculke01.html
Tyler Kolek,kolekty01,23,PG,2.0,1.7,0.7,0.3,0.1,https://www.basketball-reference.com/players/k/kolekty01.html
Pacome Dadiet,dadiepa01,19,SG,1.7,0.3,1.0,0.2,0.1,https://www.basketball-reference.com/players/d/dadiepa01.html
Matt Ryan,ryanma01,27,SF,1.5,0.2,0.4,0.1,0.0,https://www.basketball-reference.com/players/r/ryanma01.html
Jacob Toppin,toppija01,24,SF,0.4,0.3,0.7,0.1,0.0,https://www.basketball-reference.com/players/t/toppija01.html
MarJon Beauchamp,beaucma01,24,SF,2.5,0.2,1.5,0.2,0.0,https://www.basketball-reference.com/players/b/beaucma01.html
Anton Watson,watsoan02,24,SF,0.9,0.2,0.3,0.1,0.0,https://www.basketball-reference.com/players/w/watsoan02.html
Shai Gilgeous-Alexander,gilgesh01,26,PG,32.7,6.4,5.0,1.7,1.0,https://www.basketball-reference.com/players/g/gilgesh01.html
Jalen Williams,willija06,23,SG,21.6,5.1,5.3,1.6,0.7,https://www.basketball-reference.com/players/w/willija06.html
Luguentz Dort,dortlu01,25,SF,10.1,1.6,4.1,1.1,0.5,https://www.basketball-reference.com/players/d/dortlu01.html
Isaiah Hartenstein,harteis01,26,C,11.2,3.8,10.7,0.8,1.1,https://www.basketball-reference.com/players/h/harteis01.html
Cason Wallace,wallaca01,21,SG,8.4,2.5,3.4,1.8,0.5,https://www.basketball-reference.com/players/w/wallaca01.html
Chet Holmgren,holmgch01,22,C,15.0,2.0,8.0,0.7,2.2,https://www.basketball-reference.com/players/h/holmgch01.html
Aaron Wiggins,wiggiaa01,26,SG,12.0,1.8,3.9,0.8,0.2,https://www.basketball-reference.com/players/w/wiggiaa01.html
Isaiah Joe,joeis01,25,SG,10.2,1.6,2.6,0.6,0.1,https://www.basketball-reference.com/players/j/joeis01.html
Alex Caruso,carusal01,30,SG,7.1,2.5,2.9,1.6,0.6,https://www.basketball-reference.com/players/c/carusal01.html
Jaylin Williams,willija07,22,PF,5.9,2.6,5.6,0.5,0.6,https://www.basketball-reference.com/players/w/willija07.html
Ajay Mitchell,mitchaj01,22,SG,6.5,1.8,1.9,0.7,0.1,https://www.basketball-reference.com/players/m/mitchaj01.html
Kenrich Williams,willike04,30,PF,6.3,1.4,3.5,0.6,0.1,https://www.basketball-reference.com/players/w/willike04.html
Ousmane Dieng,diengou01,21,C,3.8,0.8,2.2,0.5,0.2,https://www.basketball-reference.com/players/d/diengou01.html
Dillon Jones,jonesdi01,23,SF,2.5,1.1,2.2,0.3,0.1,https://www.basketball-reference.com/players/j/jonesdi01.html
Branden Carlson,carlsbr01,25,C,3.8,0.4,1.7,0.2,0.7,https://www.basketball-reference.com/players/c/carlsbr01.html
Alex Ducas,ducasal01,24,SG,1.7,0.2,1.2,0.2,0.0,https://www.basketball-reference.com/players/d/ducasal01.html
Adam Flagler,flaglad01,25,SG,1.8,0.3,0.7,0.2,0.1,https://www.basketball-reference.com/players/f/flaglad01.html
Malevy Leons,leonsma01,25,SF,0.3,0.2,0.5,0.0,0.0,https://www.basketball-reference.com/players/l/leonsma01.html
Alex Reese,reeseal01,25,PF,2.0,0.0,1.0,0.0,0.0,https://www.basketball-reference.com/players/r/reeseal01.html
Paolo Banchero,banchpa01,22,PF,25.9,4.8,7.5,0.8,0.6,https://www.basketball-reference.com/players/b/banchpa01.html
Franz Wagner,wagnefr01,23,SF,24.2,4.7,5.7,1.3,0.4,https://www.basketball-reference.com/players/w/wagnefr01.html
Kentavious Caldwell-Pope,caldwke01,31,SG,8.7,1.8,2.2,1.3,0.4,https://www.basketball-reference.com/players/c/caldwke01.html
Jalen Suggs,suggsja01,23,PG,16.2,3.7,4.0,1.5,0.9,https://www.basketball-reference.com/players/s/suggsja01.html
Wendell Carter Jr.,cartewe01,25,C,9.1,2.0,7.2,0.8,0.6,https://www.basketball-reference.com/players/c/cartewe01.html
Anthony Black,blackan01,21,PG,9.4,3.1,2.9,1.1,0.6,https://www.basketball-reference.com/players/b/blackan01.html
Tristan Da Silva,dasiltr01,23,SF,7.2,1.5,3.3,0.4,0.2,https://www.basketball-reference.com/players/d/dasiltr01.html
Goga Bitadze,bitadgo01,25,C,7.2,2.0,6.6,0.7,1.4,https://www.basketball-reference.com/players/b/bitadgo01.html
Moritz Wagner,wagnemo01,27,C,12.9,1.4,4.9,0.8,0.4,https://www.basketball-reference.com/players/w/wagnemo01.html
Cole Anthony,anthoco01,24,PG,9.4,2.9,3.0,0.7,0.5,https://www.basketball-reference.com/players/a/anthoco01.html
Jonathan Isaac,isaacjo01,27,PF,5.4,0.6,4.4,0.9,1.1,https://www.basketball-reference.com/players/i/isaacjo01.html
Gary Harris,harriga01,30,SG,3.0,0.6,1.3,0.5,0.3,https://www.basketball-reference.com/players/h/harriga01.html
Trevelin Queen,queentr01,27,SG,4.9,1.2,1.7,1.0,0.3,https://www.basketball-reference.com/players/q/queentr01.html
Caleb Houstan,houstca01,22,SF,4.1,0.6,1.3,0.4,0.1,https://www.basketball-reference.com/players/h/houstca01.html
Cory Joseph,josepco01,33,PG,3.5,1.4,1.5,0.5,0.1,https://www.basketball-reference.com/players/j/josepco01.html
Jett Howard,howarje01,21,SF,4.5,0.7,1.2,0.2,0.2,https://www.basketball-reference.com/players/h/howarje01.html
Mac McClung,mccluma01,26,SG,0.0,1.5,0.5,0.0,0.0,https://www.basketball-reference.com/players/m/mccluma01.html
Tyrese Maxey,maxeyty01,24,PG,26.3,6.1,3.3,1.8,0.4,https://www.basketball-reference.com/players/m/maxeyty01.html
Kelly Oubre Jr.,oubreke01,29,SF,15.1,1.8,6.1,1.5,0.5,https://www.basketball-reference.com/players/o/oubreke01.html
Quentin Grimes,grimequ01,24,SG,21.9,4.5,5.2,1.5,0.4,https://www.basketball-reference.com/players/g/grimequ01.html
Paul George,georgpa01,34,PF,16.2,4.3,5.3,1.8,0.5,https://www.basketball-reference.com/players/g/georgpa01.html
Caleb Martin,martica02,29,SF,9.1,2.2,4.4,1.1,0.6,https://www.basketball-reference.com/players/m/martica02.html
Joel Embiid,embiijo01,30,C,23.8,4.5,8.2,0.7,0.9,https://www.basketball-reference.com/players/e/embiijo01.html
Guerschon Yabusele,yabusgu01,29,C,11.0,2.1,5.6,0.8,0.3,https://www.basketball-reference.com/players/y/yabusgu01.html
Justin Edwards,edwarju01,21,SF,10.1,1.6,3.4,1.0,0.4,https://www.basketball-reference.com/players/e/edwarju01.html
Jared McCain,mccaija01,20,SG,15.3,2.6,2.4,0.7,0.0,https://www.basketball-reference.com/players/m/mccaija01.html
Marcus Bagley,baglema02,23,SF,6.7,1.0,7.0,0.9,1.2,https://www.basketball-reference.com/players/b/baglema02.html
Chuma Okeke,okekech01,26,PF,6.9,1.9,6.1,0.7,0.4,https://www.basketball-reference.com/players/o/okekech01.html
Jared Butler,butleja02,24,SG,11.5,4.9,2.5,1.1,0.3,https://www.basketball-reference.com/players/b/butleja02.html
Lonnie Walker IV,walkelo01,26,SG,12.4,2.5,3.2,0.5,0.3,https://www.basketball-reference.com/players/w/walkelo01.html
Oshae Brissett,brissos01,26,SF,8.7,0.7,3.7,0.7,0.5,https://www.basketball-reference.com/players/b/brissos01.html
Jalen Hood-Schifino,hoodsja01,21,SG,7.8,2.8,2.0,0.4,0.5,https://www.basketball-reference.com/players/h/hoodsja01.html
KJ Martin,martike04,24,PF,6.4,0.8,3.0,0.5,0.7,https://www.basketball-reference.com/players/m/martike04.html
Eric Gordon,gordoer01,36,SG,6.8,1.7,1.2,0.7,0.3,https://www.basketball-reference.com/players/g/gordoer01.html
Colin Castleton,castlco01,24,C,6.0,2.0,7.4,0.2,0.2,https://www.basketball-reference.com/players/c/castlco01.html
Kyle Lowry,lowryky01,38,PG,3.9,2.7,1.9,0.9,0.3,https://www.basketball-reference.com/players/l/lowryky01.html
Andre Drummond,drumman01,31,C,7.3,0.9,7.8,1.0,0.5,https://www.basketball-reference.com/players/d/drumman01.html
Ricky Council IV,councri01,23,SF,7.3,1.3,2.9,0.4,0.2,https://www.basketball-reference.com/players/c/councri01.html
Isaiah Mobley,mobleis01,25,PF,6.0,5.0,4.0,1.0,1.0,https://www.basketball-reference.com/players/m/mobleis01.html
Adem Bona,bonaad01,21,C,5.8,0.5,4.2,0.4,1.2,https://www.basketball-reference.com/players/b/bonaad01.html
Alex Reese,reeseal01,25,PF,5.3,0.3,3.3,0.7,0.7,https://www.basketball-reference.com/players/r/reeseal01.html
Jeff Dowtin Jr.,dowtije01,27,PG,7.0,1.9,1.5,0.6,0.3,https://www.basketball-reference.com/players/d/dowtije01.html
Reggie Jackson,jacksre01,34,PG,4.4,1.5,1.4,0.5,0.1,https://www.basketball-reference.com/players/j/jacksre01.html
Pete Nance,nancepe01,24,C,2.1,0.4,1.4,0.1,0.0,https://www.basketball-reference.com/players/n/nancepe01.html
David Roddy,roddyda01,23,PF,6.0,1.0,3.0,0.7,0.0,https://www.basketball-reference.com/players/r/roddyda01.html
Phillip Wheeler,wheelph02,22,PF,1.6,0.4,1.6,0.2,0.4,https://www.basketball-reference.com/players/w/wheelph02.html
Lester Quiñones,quinole01,24,SG,2.3,0.3,1.0,0.0,0.0,https://www.basketball-reference.com/players/q/quinole01.html
Devin Booker,bookede01,28,SG,25.6,7.1,4.1,0.9,0.2,https://www.basketball-reference.com/players/b/bookede01.html
Kevin Durant,duranke01,36,PF,26.6,4.2,6.0,0.8,1.2,https://www.basketball-reference.com/players/d/duranke01.html
Bradley Beal,bealbr01,31,SG,17.0,3.7,3.3,1.1,0.5,https://www.basketball-reference.com/players/b/bealbr01.html
Tyus Jones,jonesty01,28,PG,10.2,5.3,2.4,0.9,0.1,https://www.basketball-reference.com/players/j/jonesty01.html
Royce O'Neale,onealro01,31,SF,9.1,2.2,4.7,0.9,0.5,https://www.basketball-reference.com/players/o/onealro01.html
Grayson Allen,allengr01,29,SG,10.6,2.1,3.0,0.8,0.3,https://www.basketball-reference.com/players/a/allengr01.html
Jusuf Nurkić,nurkiju01,30,C,8.6,1.9,9.2,0.9,0.6,https://www.basketball-reference.com/players/n/nurkiju01.html
Nick Richards,richani01,27,C,9.5,0.6,8.6,0.2,0.8,https://www.basketball-reference.com/players/r/richani01.html
Ryan Dunn,dunnry01,22,SF,6.9,0.8,3.6,0.6,0.5,https://www.basketball-reference.com/players/d/dunnry01.html
Mason Plumlee,plumlma01,34,C,4.5,1.8,6.1,0.4,0.6,https://www.basketball-reference.com/players/p/plumlma01.html
Oso Ighodaro,ighodos01,22,PF,4.2,1.2,3.6,0.5,0.5,https://www.basketball-reference.com/players/i/ighodos01.html
Cody Martin,martico01,29,SF,3.7,1.1,3.4,0.9,0.4,https://www.basketball-reference.com/players/m/martico01.html
Collin Gillespie,gilleco01,25,PG,5.9,2.4,2.4,0.6,0.2,https://www.basketball-reference.com/players/g/gilleco01.html
Josh Okogie,okogijo01,26,SG,6.0,0.6,2.9,0.8,0.4,https://www.basketball-reference.com/players/o/okogijo01.html
Monte Morris,morrimo01,29,PG,5.2,1.6,1.5,0.4,0.1,https://www.basketball-reference.com/players/m/morrimo01.html
Bol Bol,bolbo01,25,PF,6.8,0.6,2.9,0.3,0.7,https://www.basketball-reference.com/players/b/bolbo01.html
TyTy Washington Jr.,washity02,23,PG,2.2,1.0,0.8,0.2,0.0,https://www.basketball-reference.com/players/w/washity02.html
Damion Lee,leeda03,32,SG,3.3,0.4,0.8,0.2,0.0,https://www.basketball-reference.com/players/l/leeda03.html
Vasilije Micić,micicva01,31,PG,0.0,0.2,0.4,0.0,0.0,https://www.basketball-reference.com/players/m/micicva01.html
Jalen Bridges,bridgja01,23,SF,1.1,0.0,0.5,0.0,0.0,https://www.basketball-reference.com/players/b/bridgja01.html
Toumani Camara,camarto01,24,PF,11.3,2.2,5.8,1.5,0.6,https://www.basketball-reference.com/players/c/camarto01.html
Anfernee Simons,simonan01,25,SG,19.3,4.8,2.7,0.9,0.1,https://www.basketball-reference.com/players/s/simonan01.html
Jerami Grant,grantje01,30,PF,14.4,2.1,3.5,0.9,1.0,https://www.basketball-reference.com/players/g/grantje01.html
Shaedon Sharpe,sharpsh01,21,SG,18.5,2.8,4.5,0.9,0.2,https://www.basketball-reference.com/players/s/sharpsh01.html
Deandre Ayton,aytonde01,26,C,14.4,1.6,10.2,0.8,1.0,https://www.basketball-reference.com/players/a/aytonde01.html
Deni Avdija,avdijde01,24,SF,16.9,3.9,7.3,1.0,0.5,https://www.basketball-reference.com/players/a/avdijde01.html
Scoot Henderson,hendesc01,20,PG,12.7,5.1,3.0,1.0,0.2,https://www.basketball-reference.com/players/h/hendesc01.html
Matisse Thybulle,thybuma01,27,SG,7.5,1.9,3.5,2.2,0.6,https://www.basketball-reference.com/players/t/thybuma01.html
Donovan Clingan,clingdo01,20,C,6.5,1.1,7.9,0.5,1.6,https://www.basketball-reference.com/players/c/clingdo01.html
Robert Williams,williro04,27,C,5.8,1.1,5.9,0.7,1.7,https://www.basketball-reference.com/players/w/williro04.html
Dalano Banton,bantoda01,25,PG,8.3,2.4,2.0,0.6,0.5,https://www.basketball-reference.com/players/b/bantoda01.html
Kris Murray,murrakr01,24,SF,4.2,1.0,2.6,0.5,0.2,https://www.basketball-reference.com/players/m/murrakr01.html
Jabari Walker,walkeja01,22,SF,5.2,0.6,3.5,0.6,0.1,https://www.basketball-reference.com/players/w/walkeja01.html
Sidy Cissoko,cissosi01,20,SF,2.0,1.8,2.2,0.2,0.2,https://www.basketball-reference.com/players/c/cissosi01.html
Duop Reath,reathdu01,28,C,4.2,0.6,2.0,0.3,0.3,https://www.basketball-reference.com/players/r/reathdu01.html
Taze Moore,mooreta02,26,SG,3.0,0.5,4.0,1.0,0.0,https://www.basketball-reference.com/players/m/mooreta02.html
Rayan Rupert,ruperra01,20,SG,3.0,0.5,1.3,0.3,0.1,https://www.basketball-reference.com/players/r/ruperra01.html
Justin Minaya,minayju01,25,SF,0.9,0.4,0.5,0.3,0.1,https://www.basketball-reference.com/players/m/minayju01.html
Bryce McGowens,mcgowbr01,22,SG,1.0,0.2,0.2,0.1,0.0,https://www.basketball-reference.com/players/m/mcgowbr01.html
De'Aaron Fox,foxde01,27,PG,25.0,6.1,5.0,1.5,0.4,https://www.basketball-reference.com/players/f/foxde01.html
Zach LaVine,lavinza01,29,SG,22.4,3.8,3.5,0.6,0.1,https://www.basketball-reference.com/players/l/lavinza01.html
DeMar DeRozan,derozde01,35,SF,22.2,4.4,3.9,0.8,0.4,https://www.basketball-reference.com/players/d/derozde01.html
Domantas Sabonis,sabondo01,28,C,19.1,6.0,13.9,0.7,0.4,https://www.basketball-reference.com/players/s/sabondo01.html
Keegan Murray,murrake02,24,PF,12.4,1.4,6.7,0.8,0.9,https://www.basketball-reference.com/players/m/murrake02.html
Malik Monk,monkma01,26,SG,17.2,5.6,3.8,0.9,0.6,https://www.basketball-reference.com/players/m/monkma01.html
Keon Ellis,elliske01,25,SG,8.3,1.5,2.7,1.5,0.8,https://www.basketball-reference.com/players/e/elliske01.html
Kevin Huerter,huertke01,26,SG,7.9,1.7,2.8,0.8,0.4,https://www.basketball-reference.com/players/h/huertke01.html
Trey Lyles,lylestr01,29,PF,6.5,1.2,4.6,0.6,0.3,https://www.basketball-reference.com/players/l/lylestr01.html
Jake LaRavia,laravja01,23,PF,6.1,1.3,2.8,0.9,0.2,https://www.basketball-reference.com/players/l/laravja01.html
Jonas Valančiūnas,valanjo01,32,C,8.7,1.8,7.0,0.5,0.6,https://www.basketball-reference.com/players/v/valanjo01.html
Jae Crowder,crowdja01,34,PF,2.6,0.7,2.2,0.3,0.0,https://www.basketball-reference.com/players/c/crowdja01.html
Devin Carter,cartede02,22,PG,3.8,1.1,2.1,0.6,0.1,https://www.basketball-reference.com/players/c/cartede02.html
Markelle Fultz,fultzma01,26,PG,2.9,1.3,1.0,0.5,0.1,https://www.basketball-reference.com/players/f/fultzma01.html
Doug McDermott,mcderdo01,33,SF,3.5,0.2,0.5,0.1,0.0,https://www.basketball-reference.com/players/m/mcderdo01.html
Terence Davis,daviste02,27,SG,0.0,1.0,1.0,0.0,0.0,https://www.basketball-reference.com/players/d/daviste02.html
Isaac Jones,jonesis01,24,PF,3.4,0.3,1.4,0.1,0.3,https://www.basketball-reference.com/players/j/jonesis01.html
Alex Len,lenal01,31,C,1.4,0.8,1.8,0.2,0.5,https://www.basketball-reference.com/players/l/lenal01.html
Jordan McLaughlin,mclaujo01,28,PG,1.9,0.9,0.8,0.4,0.0,https://www.basketball-reference.com/players/m/mclaujo01.html
Orlando Robinson,robinor01,24,C,2.1,1.0,1.6,0.3,0.1,https://www.basketball-reference.com/players/r/robinor01.html
Colby Jones,jonesco02,22,SG,1.1,0.3,1.0,0.3,0.3,https://www.basketball-reference.com/players/j/jonesco02.html
Mason Jones,jonesma05,26,SG,2.3,1.1,0.9,0.0,0.1,https://www.basketball-reference.com/players/j/jonesma05.html
Isaiah Crawford,crawfis01,23,SF,0.9,0.1,0.5,0.1,0.1,https://www.basketball-reference.com/players/c/crawfis01.html
Skal Labissière,labissk01,28,PF,1.3,0.3,0.8,0.0,0.0,https://www.basketball-reference.com/players/l/labissk01.html
Terry Taylor,taylote01,25,PF,0.0,0.7,0.3,0.0,0.0,https://www.basketball-reference.com/players/t/taylote01.html
De'Aaron Fox,foxde01,27,PG,19.7,6.8,4.3,1.5,0.3,https://www.basketball-reference.com/players/f/foxde01.html
Victor Wembanyama,wembavi01,21,C,24.3,3.7,11.0,1.1,3.8,https://www.basketball-reference.com/players/w/wembavi01.html
Devin Vassell,vassede01,24,SG,16.3,2.9,4.0,1.3,0.5,https://www.basketball-reference.com/players/v/vassede01.html
Chris Paul,paulch01,39,PG,8.8,7.4,3.6,1.3,0.3,https://www.basketball-reference.com/players/p/paulch01.html
Harrison Barnes,barneha02,32,PF,12.3,1.7,3.8,0.5,0.2,https://www.basketball-reference.com/players/b/barneha02.html
Stephon Castle,castlst01,20,PG,14.7,4.1,3.7,0.9,0.3,https://www.basketball-reference.com/players/c/castlst01.html
Jeremy Sochan,sochaje01,21,PF,11.4,2.4,6.5,0.8,0.5,https://www.basketball-reference.com/players/s/sochaje01.html
Keldon Johnson,johnske04,25,SF,12.7,1.6,4.8,0.6,0.3,https://www.basketball-reference.com/players/j/johnske04.html
Julian Champagnie,champju02,23,SF,9.9,1.4,3.9,0.7,0.4,https://www.basketball-reference.com/players/c/champju02.html
Bismack Biyombo,biyombi01,32,C,5.1,1.1,5.6,0.6,0.8,https://www.basketball-reference.com/players/b/biyombi01.html
Tre Jones,jonestr01,25,PG,4.4,3.7,2.1,0.6,0.2,https://www.basketball-reference.com/players/j/jonestr01.html
Blake Wesley,weslebl01,21,SG,3.7,2.0,1.1,0.6,0.1,https://www.basketball-reference.com/players/w/weslebl01.html
Zach Collins,colliza01,27,C,4.6,1.4,2.8,0.4,0.4,https://www.basketball-reference.com/players/c/colliza01.html
Sandro Mamukelashvili,mamuksa01,25,PF,6.3,0.8,3.1,0.4,0.3,https://www.basketball-reference.com/players/m/mamuksa01.html
Charles Bassey,bassech01,24,C,4.4,0.5,4.2,0.4,0.8,https://www.basketball-reference.com/players/b/bassech01.html
Malaki Branham,branhma01,21,SG,5.0,0.8,1.1,0.2,0.0,https://www.basketball-reference.com/players/b/branhma01.html
Riley Minix,minixri01,24,SF,0.0,0.0,2.0,0.0,0.0,https://www.basketball-reference.com/players/m/minixri01.html
Harrison Ingram,ingraha01,22,SF,0.8,0.6,1.8,0.6,0.0,https://www.basketball-reference.com/players/i/ingraha01.html
Jordan McLaughlin,mclaujo01,28,PG,2.5,1.5,0.5,0.3,0.1,https://www.basketball-reference.com/players/m/mclaujo01.html
David Duke Jr.,dukeda01,25,SG,2.7,0.7,0.8,0.2,0.0,https://www.basketball-reference.com/players/d/dukeda01.html
Sidy Cissoko,cissosi01,20,SF,1.3,0.4,0.6,0.1,0.0,https://www.basketball-reference.com/players/c/cissosi01.html
Scottie Barnes,barnesc01,23,PF,19.3,5.8,7.7,1.4,1.0,https://www.basketball-reference.com/players/b/barnesc01.html
RJ Barrett,barrerj01,24,SF,21.1,5.4,6.3,0.8,0.3,https://www.basketball-reference.com/players/b/barrerj01.html
Jakob Poeltl,poeltja01,29,C,14.5,2.8,9.6,1.2,1.2,https://www.basketball-reference.com/players/p/poeltja01.html
Gradey Dick,dickgr01,21,SG,14.4,1.8,3.6,0.9,0.2,https://www.basketball-reference.com/players/d/dickgr01.html
Immanuel Quickley,quickim01,25,PG,17.1,5.8,3.5,0.7,0.1,https://www.basketball-reference.com/players/q/quickim01.html
Ochai Agbaji,agbajoc01,24,SG,10.4,1.5,3.8,0.9,0.5,https://www.basketball-reference.com/players/a/agbajoc01.html
Colin Castleton,castlco01,24,C,7.2,1.6,6.9,0.5,0.7,https://www.basketball-reference.com/players/c/castlco01.html
Davion Mitchell,mitchda01,26,PG,6.3,4.6,1.9,0.7,0.2,https://www.basketball-reference.com/players/m/mitchda01.html
Jared Rhoden,rhodeja01,25,SG,11.4,1.4,3.8,0.9,0.2,https://www.basketball-reference.com/players/r/rhodeja01.html
Ja'Kobe Walter,walteja01,20,SG,8.6,1.6,3.1,0.8,0.2,https://www.basketball-reference.com/players/w/walteja01.html
Jonathan Mogbo,mogbojo01,23,PF,6.2,2.3,4.9,0.9,0.5,https://www.basketball-reference.com/players/m/mogbojo01.html
Orlando Robinson,robinor01,24,C,8.1,1.9,5.9,0.4,0.4,https://www.basketball-reference.com/players/r/robinor01.html
Bruce Brown,brownbr01,28,PG,8.4,1.6,3.8,0.9,0.2,https://www.basketball-reference.com/players/b/brownbr01.html
Jamal Shead,sheadja01,22,PG,7.1,4.2,1.5,0.8,0.1,https://www.basketball-reference.com/players/s/sheadja01.html
Cole Swider,swideco01,25,SF,7.4,0.3,3.1,0.5,0.3,https://www.basketball-reference.com/players/s/swideco01.html
A.J. Lawson,lawsoaj01,24,SG,9.1,1.2,3.3,0.5,0.2,https://www.basketball-reference.com/players/l/lawsoaj01.html
Jamison Battle,battlja01,23,SF,7.1,0.9,2.7,0.3,0.2,https://www.basketball-reference.com/players/b/battlja01.html
Chris Boucher,bouchch01,32,PF,10.0,0.7,4.5,0.5,0.5,https://www.basketball-reference.com/players/b/bouchch01.html
Kelly Olynyk,olynyke01,33,C,7.1,2.3,3.7,0.7,0.3,https://www.basketball-reference.com/players/o/olynyke01.html
Bruno Fernando,fernabr01,26,C,3.4,1.1,3.0,0.2,0.5,https://www.basketball-reference.com/players/f/fernabr01.html
D.J. Carton,cartodj01,24,SG,0.8,0.8,1.0,0.5,0.0,https://www.basketball-reference.com/players/c/cartodj01.html
Garrett Temple,templga01,38,SG,1.9,1.1,1.0,0.6,0.1,https://www.basketball-reference.com/players/t/templga01.html
Ulrich Chomche,chomcul01,19,PF,0.7,0.3,1.1,0.0,0.1,https://www.basketball-reference.com/players/c/chomcul01.html
Keyonte George,georgke01,21,PG,16.8,5.6,3.8,0.7,0.1,https://www.basketball-reference.com/players/g/georgke01.html
Lauri Markkanen,markkla01,27,PF,19.0,1.5,5.9,0.7,0.4,https://www.basketball-reference.com/players/m/markkla01.html
John Collins,collijo01,27,PF,19.0,2.0,8.2,1.0,1.0,https://www.basketball-reference.com/players/c/collijo01.html
Walker Kessler,kesslwa01,23,C,11.1,1.7,12.2,0.6,2.4,https://www.basketball-reference.com/players/k/kesslwa01.html
Collin Sexton,sextoco01,26,SG,18.4,4.2,2.7,0.7,0.1,https://www.basketball-reference.com/players/s/sextoco01.html
Jordan Clarkson,clarkjo01,32,SG,16.2,3.7,3.2,0.8,0.2,https://www.basketball-reference.com/players/c/clarkjo01.html
Isaiah Collier,colliis01,20,PG,8.7,6.3,3.3,0.9,0.2,https://www.basketball-reference.com/players/c/colliis01.html
Taylor Hendricks,hendrta01,21,PF,4.7,0.7,5.0,1.7,1.3,https://www.basketball-reference.com/players/h/hendrta01.html
KJ Martin,martike04,24,SF,6.3,1.5,2.8,0.3,0.3,https://www.basketball-reference.com/players/m/martike04.html
Cody Williams,willico04,20,SG,4.6,1.2,2.3,0.5,0.3,https://www.basketball-reference.com/players/w/willico04.html
Kyle Filipowski,filipky01,21,C,9.6,1.9,6.1,0.7,0.3,https://www.basketball-reference.com/players/f/filipky01.html
Brice Sensabaugh,sensabr01,21,SF,10.9,1.5,3.0,0.6,0.1,https://www.basketball-reference.com/players/s/sensabr01.html
Svi Mykhailiuk,mykhasv01,27,SF,8.8,2.0,2.4,0.5,0.2,https://www.basketball-reference.com/players/m/mykhasv01.html
Johnny Juzang,juzanjo01,23,SG,8.9,1.1,2.9,0.6,0.1,https://www.basketball-reference.com/players/j/juzanjo01.html
Micah Potter,pottemi01,26,C,4.3,0.8,4.3,0.4,0.4,https://www.basketball-reference.com/players/p/pottemi01.html
Oscar Tshiebwe,tshieos01,25,C,7.6,0.6,8.7,0.9,0.1,https://www.basketball-reference.com/players/t/tshieos01.html
Drew Eubanks,eubandr01,27,C,5.8,1.2,4.5,0.3,0.9,https://www.basketball-reference.com/players/e/eubandr01.html
Patty Mills,millspa02,36,PG,4.4,1.2,1.2,0.7,0.2,https://www.basketball-reference.com/players/m/millspa02.html
Elijah Harkless,harklej01,24,SG,3.2,0.8,2.1,1.0,0.1,https://www.basketball-reference.com/players/h/harklej01.html
Jaden Springer,sprinja01,22,PG,3.8,1.4,2.0,0.7,0.2,https://www.basketball-reference.com/players/s/sprinja01.html
Bilal Coulibaly,coulibi01,20,SF,12.3,3.4,5.0,1.3,0.7,https://www.basketball-reference.com/players/c/coulibi01.html
Bub Carrington,carrica01,19,PG,9.8,4.4,4.2,0.7,0.3,https://www.basketball-reference.com/players/c/carrica01.html
Jordan Poole,poolejo01,25,SG,20.5,4.5,3.0,1.3,0.4,https://www.basketball-reference.com/players/p/poolejo01.html
Kyle Kuzma,kuzmaky01,29,PF,15.2,2.5,5.8,0.6,0.2,https://www.basketball-reference.com/players/k/kuzmaky01.html
Alex Sarr,sarral01,19,C,13.0,2.4,6.5,0.7,1.5,https://www.basketball-reference.com/players/s/sarral01.html
AJ Johnson,johnsaj01,20,SG,9.1,3.1,2.4,0.5,0.1,https://www.basketball-reference.com/players/j/johnsaj01.html
Kyshawn George,georgky01,21,SG,8.7,2.5,4.2,1.0,0.7,https://www.basketball-reference.com/players/g/georgky01.html
Corey Kispert,kispeco01,25,SF,11.6,1.7,3.0,0.4,0.2,https://www.basketball-reference.com/players/k/kispeco01.html
Colby Jones,jonesco02,22,SG,8.7,2.5,4.3,1.3,0.4,https://www.basketball-reference.com/players/j/jonesco02.html
Malcolm Brogdon,brogdma01,32,PG,12.7,4.1,3.8,0.5,0.2,https://www.basketball-reference.com/players/b/brogdma01.html
Khris Middleton,middlkh01,33,SF,10.7,3.4,3.7,1.3,0.2,https://www.basketball-reference.com/players/m/middlkh01.html
Justin Champagnie,champju01,23,SF,8.8,1.0,5.7,1.0,0.6,https://www.basketball-reference.com/players/c/champju01.html
Jonas Valančiūnas,valanjo01,32,C,11.5,2.2,8.2,0.4,0.6,https://www.basketball-reference.com/players/v/valanjo01.html
JT Thor,thorjt01,22,PF,3.9,0.5,3.8,0.5,0.5,https://www.basketball-reference.com/players/t/thorjt01.html
Marcus Smart,smartma01,30,PG,9.3,2.5,1.9,1.1,0.2,https://www.basketball-reference.com/players/s/smartma01.html
Jaylen Martin,martija02,21,SF,5.8,1.3,3.4,0.7,0.0,https://www.basketball-reference.com/players/m/martija02.html
Richaun Holmes,holmeri01,31,PF,7.4,1.4,5.7,0.3,0.7,https://www.basketball-reference.com/players/h/holmeri01.html
Tristan Vukcevic,vukcetr01,21,C,9.4,1.1,3.7,0.3,0.7,https://www.basketball-reference.com/players/v/vukcetr01.html
Jared Butler,butleja02,24,PG,6.9,2.6,1.3,0.4,0.2,https://www.basketball-reference.com/players/b/butleja02.html
Marvin Bagley III,baglema01,25,C,4.9,0.4,2.9,0.4,0.3,https://www.basketball-reference.com/players/b/baglema01.html
Anthony Gill,gillan01,32,PF,2.5,0.3,1.3,0.2,0.0,https://www.basketball-reference.com/players/g/gillan01.html
Johnny Davis,davisjo06,22,SG,2.4,0.3,1.1,0.4,0.2,https://www.basketball-reference.com/players/d/davisjo06.html
Patrick Baldwin Jr.,baldwpa01,22,SF,2.1,0.1,1.0,0.1,0.1,https://www.basketball-reference.com/players/b/baldwpa01.html
Jalen McDaniels,mcdanja01,27,SF,0.0,0.3,0.0,0.3,0.0,https://www.basketball-reference.com/players/m/mcdanja01.html
